name,pH,ionic,fasta,temp,csat_C2,csat_C2_err,csat_C3,csat_C3_err,scd,shd,ah_ij,fcr,ncpr,kappa,faro,mean_lambda,nu_svr,csat_pred_2,csat_C2_mgml,csat_C3_mgml,csat_pred_3
LAF1,7.5,0.15,MESNQSNNGGSGNAALNRGGRYVPPHLRGGDGGAAAAASAGGDDRRGGAGGGGYRRGGGNSGGGGGGGYDRGYNDNRDDRDNRGGSGGYGRDRNYEDRGYNGGGGGGGNRGYNNNRGGGGGGYNRQDRGDGGSSNFSRGGYNNRDEGSDNRGSGRSYNNDRRDNGGDGLEHHHHHH,293.0,0.098100162125133,0.0132570448285743,0.0899698144147181,0.0087187750000846,-0.4573825271113395,5.38279421744053,-0.6973334336731521,0.26704545454545453,0.017045454545454544,0.10141799638096338,0.06818181818181818,0.5611920118561585,0.4585815298424468,0.2117436172245853,0.5584889423568153,0.471974141815781,-0.46912529746694104
LAF1D2130,7.5,0.15,MESNQSNNGGSGNAALNRGGDGGAAAAASAGGDDRRGGAGGGGYRRGGGNSGGGGGGGYDRGYNDNRDDRDNRGGSGGYGRDRNYEDRGYNGGGGGGGNRGYNNNRGGGGGGYNRQDRGDGGSSNFSRGGYNNRDEGSDNRGSGRSYNNDRRDNGGDGLEHHHHHH,293.0,0.222046071717113,0.0177010425270351,0.1473329151659048,0.0127484563701256,-0.4729835899227794,5.304364140294957,-0.6866019250866675,0.2710843373493976,0.006024096385542169,0.09378838025332566,0.06626506024096386,0.559510669545436,0.46085281024857394,0.6793581636098319,1.309669091083633,0.8994789556506082,-0.07099830207473784
LAF1shuf,7.5,0.15,MNNSGDNDRGSGNYGLRNSFGDDGYGDNGNDEGNSGYRNRGLGGDRADEYGNSGGNGDNEAAPNASDRDDAHYYDSDDYDDGGGGRGSGGAGGGGARGPGSNRAGRYGGGGRRGRGRGNGYNGNRSQRRRGGGRGRGNRGYRVGNGNGQSGGRNSRGGGGGNGGANYGLEHHHHHH,293.0,0.0102342361762628,0.0031380445704328,0.0070798580574811,0.002276693576324,-4.462346623578402,5.356223932731797,-0.6973334336731581,0.26704545454545453,0.017045454545454544,0.3192815435721971,0.06818181818181818,0.5611920118561585,0.339557080042204,-2.1434697152404842,-1.7017614891380315,-2.070246217738568,-2.41986664315369
A1S150,7.0,0.15,GSMASASSSQRGRSGSGNFGGGRGGGFGGNDNFGRGGNFSGRGGFGGSRGGGGYGGSGDGYNGFGNDGSNFGGGGNYNNQSSNFGPMKGGNFGGRSSGPYGGGGQYFAKPRNQGGYGGSSSSSSYGSGRRF,293.0,0.497399109247983,0.0308355798225103,0.3827967734091611,0.0288430659470436,1.8463943790678312,5.576076619729511,-0.7405519023152437,0.1297709923664122,0.06870229007633588,0.20459885690757248,0.13740458015267176,0.6249181543714178,0.4814645066371871,1.9046013253830798,1.828393577847386,1.5665050679185528,1.4138116295409398
M12FP12Y,7.0,0.15,GSMASASSSQRGRSGSGNYGGGRGGGYGGNDNYGRGGNYSGRGGYGGSRGGGGYGGSGDGYNGYGNDGSNYGGGGSYNDYGNYNNQSSNYGPMKGGNYGGRSSGGSGGGGQYYAKPRNQGGYGGSSSSSSYGSGRRY,293.0,0.0811102895962785,0.0106177996569598,0.0643649358546914,0.0092146298567899,1.3368899549312052,5.655626417084187,-0.7490888085655163,0.13138686131386862,0.058394160583941604,0.21526987460881222,0.1386861313868613,0.6276884988200768,0.4705399591519982,0.20530863059208232,0.07373822680196315,-0.1575025911635901,-0.0458608287690912
A1,7.0,0.15,GSMASASSSQRGRSGSGNFGGGRGGGFGGNDNFGRGGNFSGRGGFGGSRGGGGYGGSGDGYNGFGNDGSNFGGGGSYNDFGNYNNQSSNFGPMKGGNFGGRSSGGSGGGGQYFAKPRNQGGYGGSSSSSSYGSGRRF,293.0,0.23434040970543,0.0219733973362809,0.1121029402424101,0.0155897325024587,1.3368899549312052,5.608154806600028,-0.7361994596039134,0.13138686131386862,0.058394160583941604,0.21526987460881222,0.1386861313868613,0.6224344475718034,0.47267586239720927,1.0757440137245984,1.1201313901800138,0.38277414808394605,0.5010277086842643
M14NP14Q,7.0,0.15,GSMASASSSQRGRSGSGQFGGGRGGGFGGQDQFGRGGQFSGRGGFGGSRGGGGYGGSGDGYQGFGQDGSQFGGGGSYQDFGQYQQQSSQFGPMKGGQFGGRSSGGSGGGGQYFAKPRQQGGYGGSSSSSSYGSGRRF,293.0,0.185003961991017,0.0195867609405876,0.1550266509143015,0.0108497778404626,1.3368899549312052,5.554033279852709,-0.7394050635676142,0.13138686131386862,0.058394160583941604,0.21526987460881222,0.1386861313868613,0.6166759269818052,0.4750594667989664,0.9756341120379743,0.8986386068027205,0.7218584093076706,0.596531065929074
M10GP10S,7.0,0.15,GSMASASSSQRSRSGSGNFGGGRSGGFGGNDNFGRSGNFSGRGGFGGSRGGGGYGGSGDSYNGFGNDGSNFGGSGSYNDFGNYNNQSSNFGPMKSGNFGGRSSGSSGGSGQYFAKPRNQGSYSGSSSSSSYGSGRRF,293.0,0.30798995943047,0.023838308948714,0.2574997655620387,0.020829749007667,1.3368899549312052,5.40382830356879,-0.7300235476243961,0.13138686131386862,0.058394160583941604,0.21526987460881222,0.1386861313868613,0.6000609764586341,0.4816639356668294,1.6434453637323096,1.416122285046138,1.237073911520343,1.3624459087523122
P7FM7Y,7.0,0.15,GSMASASSSQRGRSGSGNFGGGRGGGFGGNDNFGRGGNFSGRGGFGGSRGGGGFGGSGDGFNGFGNDGSNFGGGGSFNDFGNFNNQSSNFGPMKGGNFGGRSSGGSGGGGQFFAKPRNQGGFGGSSSSSSFGSGRRF,293.0,0.441313706453979,0.0269785366732981,0.2026236456536743,0.0151087095249856,1.3368899549312052,5.580126915499755,-0.7286999707626068,0.13138686131386862,0.058394160583941604,0.21526987460881222,0.1386861313868613,0.6193695843436442,0.47392451128103985,1.5533951229405645,1.7445132407664283,0.9661075617369249,0.8155523068401526
M20GP20S,7.0,0.15,GSMASASSSQRSRSGSGNFSGSRSGSFSGNDNFGRSGNFSGRSGFGGSRSGGGYSGSGDSYNSFGNDGSNFSGSGSYNDFGNYNNQSSNFGPMKSGNFGGRSSGSSGGSGQYFAKPRNQGSYSGSSSSSSYGSSRRF,293.0,0.379587337180016,0.0276136835987359,0.5211484567605238,0.0163606610290131,1.3368899549312052,5.199799272353957,-0.7234027704829145,0.13138686131386862,0.058394160583941604,0.21526987460881222,0.1386861313868613,0.5776875053454646,0.49034932366544737,2.1693276456288872,1.6473345140435447,1.964284753150257,2.1464525899673417
M23SP23T,7.0,0.15,GSMATATTTQRGRTGTGNFGGGRGGGFGGNDNFGRGGNFTGRGGFGGTRGGGGYGGTGDGYNGFGNDGTNFGGGGTYNDFGNYNNQTTNFGPMKGGNFGGRTTGGTGGGGQYFAKPRNQGGYGGTTTTTTYGTGRRF,293.0,0.366682541346946,0.0223095010208148,0.7058331952237309,0.0377350951238015,1.3368899549312052,5.344132511649815,-0.7215888396985835,0.13138686131386862,0.058394160583941604,0.21526987460881222,0.1386861313868613,0.592202800395579,0.4843950076842408,1.364213793936963,1.592223477779108,2.2471059562045816,1.7439417240402058
P23GM23S,7.0,0.15,GSMAGAGGGQRGRGGGGNFGGGRGGGFGGNDNFGRGGNFGGRGGFGGGRGGGGYGGGGDGYNGFGNDGGNFGGGGGYNDFGNYNNQGGNFGPMKGGNFGGRGGGGGGGGGQYFAKPRNQGGYGGGGGGGGYGGGRRF,293.0,0.0392668123722584,0.0068456919953359,0.0096435306401101,0.0024427440909381,1.3368899549312052,6.057561974399972,-0.7487157938671443,0.13138686131386862,0.058394160583941604,0.21526987460881222,0.1386861313868613,0.6738934311320932,0.45158042266437703,-0.17154398643297816,-0.7205125248671421,-2.124604927534607,-1.2804326601986589
P23GM23SP7FM7Y,7.0,0.15,GSMAGAGGGQRGRGGGGNFGGGRGGGFGGNDNFGRGGNFGGRGGFGGGRGGGGFGGGGDGFNGFGNDGGNFGGGGGFNDFGNFNNQGGNFGPMKGGNFGGRGGGGGGGGGQFFAKPRNQGGFGGGGGGGGFGGGRRF,293.0,0.0505944091719685,0.0068643240289958,0.0371111201568614,0.0047532435002842,1.3368899549312052,6.029534083299696,-0.741284280089928,0.13138686131386862,0.058394160583941604,0.21526987460881222,0.1386861313868613,0.6708285679039337,0.4529043103276241,0.3305456901353026,-0.4761320341633048,-0.7860564542914077,-0.9942915831767349
P23GM23SM12FP12Y,7.0,0.15,GSMAGAGGGQRGRGGGGNYGGGRGGGYGGNDNYGRGGNYGGRGGYGGGRGGGGYGGGGDGYNGYGNDGGNYGGGGGYNDYGNYNNQGGNYGPMKGGNYGGRGGGGGGGGGQYYAKPRNQGGYGGGGGGGGYGGGRRY,293.0,0.0128389629851933,0.0036179129974689,0.0039325606665681,0.0013540320598039,1.3368899549312052,6.105033584884128,-0.7614886141474514,0.13138686131386862,0.058394160583941604,0.21526987460881222,0.1386861313868613,0.6791474823803665,0.4493176313770978,-1.0083681000718028,-1.82302975551579,-3.006223503319459,-1.742002326229843
M30GP30S,7.0,0.15,GSMASASSSQRSRSSSGNFSGSRSGSFSGNDNFGRSGNFSGRSGFSGSRSGSGYSGSSDSYNSFGNDSSNFSGSSSYNDFGNYNNQSSNFGPMKSGNFSGRSSSSSGSSGQYFAKPRNQGSYSGSSSSSSYSSSRRF,293.0,0.734070377603316,0.0483826941307119,1.0752247915494737,0.0612765805891112,1.3368899549312052,4.993701676638017,-0.7163371281794662,0.13138686131386862,0.058394160583941604,0.21526987460881222,0.1386861313868613,0.5553140342322952,0.4987809117099279,2.6485595596682483,2.328567488828988,2.7102476096373,2.8199945359236143
FUS,5.5,0.15,MASNDYTQQATQSYGAYPTQPGQGYSQQSSQPYGQQSYSGYSQSTDTSGYGQSSYSSYGQSQNTGYGTQSTPQGYGSTGGYGSSQSSQSSYGQQSSYPGYGQQPAPSSTSGSYGSSSQSSSYGQPQSGSYSQQPSYGGQQQSYGQQQSYNPPQGYGQQNQYNS,297.0,0.283474362341641,0.0135103105886485,3.763643446216385,0.131810300041946,0.05124820343524005,4.834616407830202,-0.678159333241733,0.024539877300613498,-0.012269938650306749,0.5146517438618379,0.147239263803681,0.515228638103878,0.49172202287031197,0.6347219458003129,1.5813890705470366,4.167410152984058,2.9486207462084395
Ddx4WT,6.5,0.13,MGDEDWEAEINPHMSSYVPIFEKDRYSGENGDNFNRTPASSSEMDDGPSRRDHFMKSGFASGRNFGNRDAGECNKRDNTSTMGGFGVGKSFGNRGFSNSRFEDGDSSGFWRESSNDCEDNPTRNRGFSKRGGYRDGNNSEASGPYRRGGRGSFRGCRGGFGLGSPNNDLDPDECMQRTGGLFGSRRPVLSGTGNGDTSQSRSGSGSERGGYKGLNEEVITGSGKNSWKSEAEGGES,297.0,0.120057933401394,0.0072023410611567,0.1344656651614956,0.0125911966314753,-0.7625654850026938,4.9908303489928665,-0.6678488413960911,0.2966101694915254,-0.01694915254237288,0.23705370601232062,0.09322033898305085,0.49115892303621606,0.4628475636834456,-0.20706716218198676,1.1154374809252205,1.2287719651415159,-0.37015135639520524
allF,7.0,0.15,GSMASASSSQRGRSGSGNFGGGRGGGFGGNDNFGRGGNFSGRGGFGGSRGGGGFGGSGDGFNGFGNDGSNFGGGGSFNDFGNFNNQSSNFGPMKGGNFGGRSSGPFGGGGQFFAKPRNQGGFGGSSSSSSFGSGRRF,293.0,0.267847742457762,0.0116643839815676,0.1574894036858579,0.0142750528235008,1.3368899549312052,5.582528807636069,-0.736000869426666,0.13138686131386862,0.058394160583941604,0.21526987460881222,0.145985401459854,0.6196358443371687,0.47381717099823006,1.2517160845449986,1.2528704649292868,0.7218099488376619,0.4972248193906061
allY,7.0,0.15,GSMASASSSQRGRSGSGNYGGGRGGGYGGNDNYGRGGNYSGRGGYGGSRGGGGYGGSGDGYNGYGNDGSNYGGGGSYNDYGNYNNQSSNYGPMKGGNYGGRSSGPYGGGGQYYAKPRNQGGYGGSSSSSSYGSGRRY,293.0,0.0408067716153718,0.0043568659990199,0.0512032128582932,0.0062919200804656,1.3368899549312052,5.662084075811909,-0.7575348906041064,0.13138686131386862,0.058394160583941604,0.21526987460881222,0.145985401459854,0.6283925964176241,0.470249937557809,-0.20332894821077402,-0.6045088701227053,-0.37755462751092883,-0.41669266860255716
