name,cdil_exp,temp,ionic,fasta,pH,flexhis,mean_lambda,faro,shd,ncpr,fcr,scd,ah_ij,nu_svr,cdil_mgml_exp,logcdil_mgml_exp,logcdil_mgml_pred,dG_pred,fracW,cdil_mgml_sim,logcdil_mgml_sim
M20GP20S,0.000469,293.0,0.15,GSMASASSSQRSRSGSGNFSGSRSGSFSGNDNFGRSGNFSGRSGFGGSRSGGGYSGSGDSYNSFGNDGSNFSGSGSYNDFGNYNNQSSNFGPMKSGNFGGRSSGSSGGSGQYFAKPRNQGSYSGSSSSSSYGSSRRF,,False,0.5756379661294987,0.1386861313868613,5.18202611128518,0.058394160583941604,0.13138686131386862,1.3368899549312052,-0.7244633932183304,0.4911014166008546,6.424722145099996,1.8601533839473194,2.1693276455769603,-3.5768436515710125,0.0,,
A1,7.34e-05,293.0,0.15,GSMASASSSQRGRSGSGNFGGGRGGGFGGNDNFGRGGNFSGRGGFGGSRGGGGYGGSGDGYNGFGNDGSNFGGGGSYNDFGNYNNQSSNFGPMKGGNFGGRSSGPYGGGGQYFAKPRNQGGYGGSSSSSSYGSGRRF,,False,0.6111624467434383,0.1386861313868613,5.506218503841132,0.058394160583941604,0.13138686131386862,1.3368899549312052,-0.7281794304437795,0.477210169663734,0.9699375251799994,-0.030523616589858853,0.6824861787020943,-5.534442869741679,0.0,,
M14NP14Q,0.0001716,293.0,0.15,GSMASASSSQRGRSGSGQFGGGRGGGFGGQDQFGRGGQFSGRGGFGGSRGGGGYGGSGDGYQGFGQDGSQFGGGGSYQDFGQYQQQSSQFGPMKGGQFGGRSSGGSGGGGQYFAKPRQQGGYGGSSSSSSYGSGRRF,,False,0.6078766318366912,0.1386861313868613,5.475336731937574,0.058394160583941604,0.13138686131386862,1.3368899549312052,-0.7354185662012476,0.4785523151864187,2.2813568434800002,0.8247703727499992,0.975634112120736,-5.175371009234909,0.0,,
LAF1,4.4e-05,293.0,0.15,MESNQSNNGGSGNAALNRGGRYVPPHLRGGDGGAAAAASAGGDDRRGGAGGGGYRRGGGNSGGGGGGGYDRGYNDNRDDRDNRGGSGGYGRDRNYEDRGYNGGGGGGGNRGYNNNRGGGGGGYNRQDRGDGGSSNFSRGGYNNRDEGSDNRGSGRSYNNDRRDNGGDGLEHHHHHH,,False,0.5497957712421274,0.06818181818181818,5.262886274711875,0.017045454545454544,0.2670454545454546,-0.4573825271113395,-0.6892694716549355,0.46437067311557356,0.7848179591999997,-0.24230348720076508,0.21174361719544355,-6.125995645357598,0.0,,
LAF1D2130,0.000275,293.0,0.15,MESNQSNNGGSGNAALNRGGDGGAAAAASAGGDDRRGGAGGGGYRRGGGNSGGGGGGGYDRGYNDNRDDRDNRGGSGGYGRDRNYEDRGYNGGGGGGGNRGYNNNRGGGGGGYNRQDRGDGGSSNFSRGGYNNRDEGSDNRGSGRSYNNDRRDNGGDGLEHHHHHH,,False,0.5474453698043308,0.06626506024096386,5.180158942914527,0.006024096385542169,0.27108433734939763,-0.4729835899227794,-0.6778276099379396,0.46695548934638154,4.593453232499999,1.5246320794432018,0.6793581635942377,-5.565936364655581,0.0,,
Ddx4n1,5.19e-05,293.0,0.15,GMGDEDWEAEINPHMSSYVPIFEKDRYSGENGDNFNRTPASSSEMDDGPSRRDHFMKSGFASGRNFGNRDAGEANKRDNTSTMGGFGVGKSFGNRGFSNSRFEDGDSSGFWRESSNDAEDNPTRNRGFSKRGGYRDGNNSEASGPYRRGGRGSFRGARGGFGLGSPNNDLDPDEAMQRTGGLFGSRRPVLSGTGNGDTSQSRSGSGSERGGYKGLNEEVITGSGKNSWKSEAEGGES,,False,0.48439611433416196,0.09282700421940927,4.919447816008832,-0.016877637130801686,0.29535864978902954,-0.7646197069151798,-0.6587484919257723,0.46602213976720364,1.3161041155199982,0.2746759449104648,0.297905714427614,-5.627358482639616,1.2658227848101267,,
M23SP23T,0.000342,293.0,0.15,GSMATATTTQRGRTGTGNFGGGRGGGFGGNDNFGRGGNFTGRGGFGGTRGGGGYGGTGDGYNGFGNDGTNFGGGGTYNDFGNYNNQTTNFGPMKGGNFGGRTTGGTGGGGQYFAKPRNQGGYGGTTTTTTYGTGRRF,,False,0.5958472363691579,0.1386861313868613,5.372466050093167,0.058394160583941604,0.13138686131386862,1.3368899549312052,-0.7330219988660748,0.4831146975314543,4.589934017399995,1.5238656486750095,1.3642137939411731,-4.675891578148554,0.0,,
P23GM23SP7FM7Y,0.000194,293.0,0.15,GSMAGAGGGQRGRGGGGNFGGGRGGGFGGNDNFGRGGNFGGRGGFGGGRGGGGFGGGGDGFNGFGNDGGNFGGGGGFNDFGNFNNQGGNFGPMKGGNFGGRGGGGGGGGGQFFAKPRNQGGFGGGGGGGGFGGGRRF,,False,0.6463836525363571,0.1386861313868613,5.811498046842141,0.058394160583941604,0.13138686131386862,1.3368899549312052,-0.7195788762184355,0.46317907684020454,2.385356895399999,0.8693487548222539,0.33054569023661373,-5.926540296975356,0.0,,
A1allF,0.000209,293.0,0.15,GSMASASSSQRGRSGSGNFGGGRGGGFGGNDNFGRGGNFSGRGGFGGSRGGGGFGGSGDGFNGFGNDGSNFGGGGSFNDFGNFNNQSSNFGPMKGGNFGGRSSGGSGGGGQFFAKPRNQGGFGGSSSSSSFGSGRRF,,False,0.6059547516647422,0.145985401459854,5.458589827611985,0.058394160583941604,0.13138686131386862,1.3368899549312052,-0.72404768841907,0.4792963947323291,2.7141266888999978,0.9984702400947648,1.553395122985566,-4.435700701949214,0.0,,
A1allW,2.3e-07,293.0,0.15,GSMASASSSQRGRSGSGNWGGGRGGGWGGNDNWGRGGNWSGRGGWGGSRGGGGWGGSGDGWNGWGNDGSNWGGGGSWNDWGNWNNQSSNWGPMKGGNWGGRSSGSGGGGGQWWAKPRNQGGWGGSSSSSSWGSGRRW,,False,0.6237854926619487,0.145985401459854,5.620582466980282,0.058394160583941604,0.13138686131386862,1.3368899549312052,-0.7871911608150021,0.4721218169222102,0.01831563888873418,-4.0,-0.707208734077194,-7.121663525064458,13.86861313868613,,
A1allY,5.35e-05,293.0,0.15,GSMASASSSQRGRSGSGNYGGGRGGGYGGNDNYGRGGNYSGRGGYGGSRGGGGYGGSGDGYNGYGNDGSNYGGGGSYNDYGNYNNQSSNYGPMKGGNYGGRSSGGSGGGGQYYAKPRNQGGYGGSSSSSSYGSGRRY,,False,0.6208172128802019,0.1386861313868613,5.593451626569176,0.058394160583941604,0.13138686131386862,1.3368899549312052,-0.7478301342380843,0.473332914979692,0.71102787745,-0.3410436411571048,0.20530863059722737,-6.100260541124254,0.0,,
A1FtoW,7.88e-07,293.0,0.15,GSMASASSSQRGRSGSGNWGGGRGGGWGGNDNWGRGGNWSGRGGWGGSRGGGGYGGSGDGYNGWGNDGSNWGGGGSYNDWGNYNNQSSNWGPMKGGNWGGRSSGSGGGGGQYWAKPRNQGGYGGSSSSSSYGSGRRW,,False,0.6218608913417625,0.1386861313868613,5.602842920672111,0.058394160583941604,0.13138686131386862,1.3368899549312052,-0.765936697331259,0.4729118002830778,0.01831563888873418,-4.0,-0.3720407670563424,-6.755404613416646,8.75912408759124,,
A1YtoW,1.46e-05,293.0,0.15,GSMASASSSQRGRSGSGNFGGGRGGGFGGNDNFGRGGNFSGRGGFGGSRGGGGWGGSGDGWNGFGNDGSNFGGGGSWNDFGNWNNQSSNFGPMKGGNFGGRSSGSGGGGGQWFAKPRNQGGWGGSSSSSSWGSGRRF,,False,0.6117712591793485,0.1386861313868613,5.511747446745971,0.058394160583941604,0.13138686131386862,1.3368899549312052,-0.7386563594126814,0.4769664078988275,0.19358877007999994,-1.6420191116071852,0.7566080044670475,-5.444765019068809,5.109489051094891,,
A1Wminus,3.79e-05,293.0,0.15,GSMASASSSQRGRSGSGNSGGGRGGGWGGNDNWGRGGNSSGRGGWGGSRGGGGWGGSGDGWNGWGNDGSNSGGGGSSNDWGNWNNQSSNWGPMKGGNWGGRSSGGSGGGGQWSAKPRNQGGWGGSSSSSSSGSGRRW,,False,0.5993966471553658,0.0948905109489051,5.399181083407953,0.058394160583941604,0.13138686131386862,1.3368899549312052,-0.7124463296703006,0.4818847575053259,0.49774609696,-0.6976651774347227,2.338036748005396,-3.235661292873053,9.48905109489051,,
P7FM7Y,0.000209,293.0,0.15,GSMASASSSQRGRSGSGNFGGGRGGGFGGNDNFGRGGNFSGRGGFGGSRGGGGFGGSGDGFNGFGNDGSNFGGGGSFNDFGNFNNQSSNFGPMKGGNFGGRSSGGSGGGGQFFAKPRNQGGFGGSSSSSSFGSGRRF,,False,0.6055304998303264,0.1386861313868613,5.454714869580101,0.058394160583941604,0.13138686131386862,1.3368899549312052,-0.7167499429999517,0.4794655235683639,2.7141266888999978,0.9984702400947648,1.553395122985566,-4.435700701949214,0.0,,
FUS,0.000105,297.0,0.15,MASNDYTQQATQSYGAYPTQPGQGYSQQSSQPYGQQSYSGYSQSTDTSGYGQSSYSSYGQSQNTGYGTQSTPQGYGSTGGYGSSQSSQSSYGQQSSYPGYGQQPAPSSTSGSYGSSSQSSSYGQPQSGSYSQQPSYGGQQQSYGQQQSYNPPQGYGQQNQYNS,,False,0.5399176804867454,0.147239263803681,5.063781880508548,-0.012269938650306749,0.024539877300613498,0.05124820343524005,-0.7171986828342487,0.4802525629673856,1.8026490089999982,0.5892572547213236,0.6347219458504513,-5.91639729489717,0.0,,
M3RP3K,0.000595,293.0,0.15,GSMASASSSQRGKSGSGNFGGGRGGGFGGNDNFGRGGNFSGRGGFGGSKGGGGYGGSGDGYNGFGNDGSNFGGGGSYNDFGNYNNQSSNFGPMKGGNFGGRSSGGSGGGGQYFAKPRNQGGYGGSSSSSSYGSGRKF,,False,0.5990805204035992,0.1386861313868613,5.4075093870118875,0.058394160583941604,0.13138686131386862,1.3368899549312052,-0.7077381176398381,0.48168122367078936,7.743453581499996,2.0468477872445985,1.8991316390145514,-3.9656581989184185,0.0,,
LAF1shuf,6e-06,293.0,0.15,MNNSGDNDRGSGNYGLRNSFGDDGYGDNGNDEGNSGYRNRGLGGDRADEYGNSGGNGDNEAAPNASDRDDAHYYDSDDYDDGGGGRGSGGAGGGGARGPGSNRAGRYGGGGRRGRGRGNGYNGNRSQRRRGGGRGRGNRGYRVGNGNGQSGGRNSRGGGGGNGGANYGLEHHHHHH,,False,0.549795771242127,0.06818181818181818,5.236904691215529,0.017045454545454544,0.2670454545454546,-4.462346623578402,-0.6892694716549338,0.34866959218771754,0.10702063079999989,-2.2347336518909717,-2.143469715232567,-8.801450127437219,0.0,,
A1S150,0.00021806,293.0,0.15,GSMASASSSQRGRSGSGNFGGGRGGGFGGNDNFGRGGNFSGRGGFGGSRGGGGYGGSGDGYNGFGNDGSNFGGGGNYNNQSSNFGPMKGGNFGGRSSGPYGGGGQYFAKPRNQGGYGGSSSSSSYGSGRRF,,False,0.6138724420243229,0.13740458015267176,5.477134870163752,0.06870229007633588,0.1297709923664122,1.8463943790678312,-0.7329178837955254,0.48560162978768673,2.7324536223259988,1.0051999683082342,1.9046013253131147,-3.9039215285973166,0.0,,
P23GM23S,4.61e-05,293.0,0.15,GSMAGAGGGQRGRGGGGNFGGGRGGGFGGNDNFGRGGNFGGRGGFGGGRGGGGYGGGGDGYNGFGNDGGNFGGGGGYNDFGNYNNQGGNFGPMKGGNFGGRGGGGGGGGGQYFAKPRNQGGYGGGGGGGGYGGGRRF,,False,0.6520155994494692,0.1386861313868613,5.863001681103164,0.058394160583941604,0.13138686131386862,1.3368899549312052,-0.7308255327731366,0.46080152175083,0.5719926603899999,-0.5586291191706776,-0.17154398640766538,-6.503219108136978,0.0,,
P23GM23SM12FP12Y,6.533333333333332e-06,293.0,0.15,GSMAGAGGGQRGRGGGGNYGGGRGGGYGGNDNYGRGGNYGGRGGYGGGRGGGGYGGGGDGYNGYGNDGGNYGGGGGYNDYGNYNNQGGNYGPMKGGNYGGRGGGGGGGGGQYYAKPRNQGGYGGGGGGGGYGGGRRY,,False,0.6616703655862326,0.1386861313868613,5.9502348038312025,0.058394160583941604,0.13138686131386862,1.3368899549312052,-0.7501628121860857,0.45672156036177014,0.08231766564,-2.4971695450012716,-1.0083681000289677,-7.415108358003981,0.0,,
M10GP10S,0.0002681,293.0,0.15,GSMASASSSQRSRSGSGNFGGGRSGGFGGNDNFGRSGNFSGRGGFGGSRGGGGYGGSGDSYNGFGNDGSNFGGSGSYNDFGNYNNQSSNFGPMKSGNFGGRSSGSSGGSGQYFAKPRNQGSYSGSSSSSSYGSGRRF,,False,0.5934002064364685,0.1386861313868613,5.344004226513934,0.058394160583941604,0.13138686131386862,1.3368899549312052,-0.7264859558633998,0.4842544140937254,3.592139967989998,1.2787481162704184,1.6434453637118174,-4.312610024183338,0.0,,
M12FP12Y,6.026666666666667e-05,293.0,0.15,GSMASASSSQRGRSGSGNYGGGRGGGYGGNDNYGRGGNYSGRGGYGGSRGGGGYGGSGDGYNGYGNDGSNYGGGGSYNDYGNYNNQSSNYGPMKGGNYGGRSSGGSGGGGQYYAKPRNQGGYGGSSSSSSYGSGRRY,,False,0.6208172128802019,0.1386861313868613,5.593451626569176,0.058394160583941604,0.13138686131386862,1.3368899549312052,-0.7478301342380843,0.473332914979692,0.8009585061866666,-0.22194613576909916,0.20530863059722737,-6.100260541124254,0.0,,
M30GP30S,0.0008418333333333,293.0,0.15,GSMASASSSQRSRSSSGNFSGSRSGSFSGNDNFGRSGNFSGRSGFSGSRSGSGYSGSSDSYNSFGNDSSNFSGSSSYNDFGNYNNQSSNFGPMKSGNFSGRSSSSSGSSGQYFAKPRNQGSYSGSSSSSSYSSSRRF,,False,0.5578757258225288,0.1386861313868613,5.0184057680993295,0.058394160583941604,0.13138686131386862,1.3368899549312052,-0.7221117425085639,0.49779755089033884,11.784848320482858,2.4668146657480223,2.648559559686415,-2.85755241042131,0.0,,
V1,1.4933e-05,298.0,0.15,GSGSGSGGSRGGNKRRRKRRGGSGGYRYSRRGGGFNQGGGFNSSGFFGGMGSGGGSGGGFGNGPSFAGSNNFNGGGGGSAGNFGQYGGRGGPYSGSGGSGSGSNSGQNGGSGNYMGSGYDAFYNSSFNNQSFFGDDD,,False,0.6111624467434387,0.1386861313868613,5.539137268223154,0.058394160583941604,0.1240875912408759,-2.651131923521637,-0.7281794304437819,0.3369230282705392,0.1955961358906999,-1.6317032767365767,-1.6244529714489326,-7.74122938040253,0.0,,
V3,0.00013748,298.0,0.15,GSKQGGRGGNRSGSGNGNASGAGGGGRDGGSDGGFDGFDYQFSGGGNPSSQYYGSRGGSGRNSAGGYYFFRNSSGGNGSSGNMNPGNGYFGFSRSGGRGQNRGFFFGGMGGGGFGRSSNFGSYNSSNKSGSGGGGGG,,False,0.6111624467434381,0.1386861313868613,5.509978905066483,0.058394160583941604,0.13138686131386862,1.1116572790381214,-0.7281794304437914,0.4734530270694809,1.800747121291999,0.5882016461699248,0.8578988113661985,-5.305502638396564,0.0,,
V2,3.9086e-05,298.0,0.15,GSGGYGSSQGGFFGGGDAGGNGDGSDFGGGYPSGSNQNSGGFSGYGNDSFQGSAGMFNGFKSASKFSNSGGYGGGGQGNNNGSGGGSSFRNRRRRSNYSGGGSGRGRRYGSNFGGMYGGRSGFGGNGPGRSGFGGSN,,False,0.6111624467434382,0.1386861313868613,5.491863655204934,0.058394160583941604,0.13138686131386862,-0.20052007637876926,-0.7281794304437834,0.43346779712403716,0.5119581174193996,-0.6695124592038236,-0.5441485738343147,-6.716649761904515,0.0,,
V5,0.00015233,298.0,0.15,GSGFSNMGNGFGGRFGGGRGFSRYSQQFSYYDGGQSSGGNGSSGGFNSYGGYNNGRNGSSFGGAGGGGRSSFGFSGGGGFGADGGYNRFSSGDRNNNGPSKGGGGGNGSGSRGFAGNGSMSDRGNSYGGGPGRQKGS,,False,0.6111624467434384,0.1386861313868613,5.507640681455804,0.058394160583941604,0.13138686131386862,1.4209639583946017,-0.7281794304437837,0.4820640199353211,1.9952561026069986,0.6907724143369012,1.3142267708596196,-4.750017035388545,0.0,,
V4,0.00010144,298.0,0.15,GSGSNGGGSQSSGQGYGKSGGNRRRGRGGAGGGFGMGDGSNQYGYGPFRRGSGFNGNGDYANYGGNGDSNNFSNYRGGNSANGNFQSGGGGGFDNGGGSGFGGSFSMSGGSSSGKRRGSGGFFSGRSGSGFGGFYPS,,False,0.6111624467434383,0.1386861313868613,5.496199280484073,0.058394160583941604,0.13138686131386862,1.0305326671613906,-0.7281794304437909,0.4605444674990399,1.3286862669759996,0.2841906848772076,0.3547086773788494,-5.867426703730722,0.0,,
A9Z0R7,0.00027001287,293.0,0.15,GSQTGSYSQAPSQYSQQSSSYGQQSSFRQDHPSSMGVYGQESGGFSGPGENRSMSGPDNRGRGRGGFDRGGMSRGGRGGGRGGMGSAGERGGFNKPGGPMDEGPDLDLESSGALERRRNKTAGGREREGRMEESHFNSNPYFWPSIPTVSG,,False,0.5172290689485801,0.0794701986754967,4.760409864742457,0.013245033112582781,0.23841059602649006,-0.6194538621935314,-0.6849502973311704,0.47589467276347974,4.27583351701627,1.4529790581242672,1.9602548225886602,-3.7422952810190293,0.6622516556291391,8.713763558196128,2.1649037937714857
Q5JVS0,0.00011362792,293.0,0.15,GSMKGALGSPVAAAGAAMQESFGCVVANRFHQLLDDESDPFDILREAERRRQQQLQRKRRDEAAAAAGAGPRGGRSPAGASGHRAGAGGRRESQKERKSLPAPVAQRPDSPGGGLQAPGQKRTPRRGEQQGWNDSRGPEGMLERAERRSYREYRPYETERQADFTAEKFPDEKPGDRFDRDRPLRGRGGPRGGMRGRGRGGPGNRVFDAFDQRGKREFERYGGNDKIAVRTEDNMGGCGVRTWGSGKDTSDVEPTAPMEEPTVVEESQGTPEEESPAKVPELEVEEETQVQEMTLDEWKNLQEQTRPKPEFNIRKPESTVPSKAVVIHKSKYRDDMVKDDYEDDSHVFRKPANDITSQLEINFGNLPRPGRGARGGTRGGRGRIRRAENYGPRAEVVMQDVAPNPDDPEDFPALS,5.0,True,0.426317936686163,0.055421686746987955,4.7803759369330585,0.008762322015334072,0.35180722891566263,-3.9018504357245556,-0.618935932024354,0.44915729439628194,5.218813192488899,1.6522700182841064,-0.07706437168346256,-6.107810569602862,0.7228915662650602,4.13256401443116,1.418898041078525
Q8N1D0,5.108225e-05,293.0,0.15,GSMGELPGSEGMWENCPLGWVKKKASGTLAPLDFLLQRKRLWLWASEPVRPQPQGIHRFREARRQFCRMRGSRLTGGRKGFGSSGLRFGRGGFSEEVMPQPVLKAMRCAEGAWWFSPDGPAGSAASIWPAEGAEGLPG,,False,0.5086899290906013,0.10144927536231885,4.600751393354902,0.057971014492753624,0.2463768115942029,-0.9926895451181277,-0.737841733535425,0.4667341194380644,0.771351195346124,-0.25961150284479817,1.3502003566568768,-4.33267876950609,5.072463768115942,3.9386496301171694,1.3708379310905028
O43823,3.832026e-05,293.0,0.15,GSMDQGYGGYGAWSAGPANTQGAYGTGVASWQGYENYNYYGAQNTSVTTGATYSYGPASWEAAKANDGGLAAGAPAMHMASYGPEPCTDNSDSLIAKINQRLDMMSKEGGRGGSGGGGEGIQDRESSFRFQPFESYDSRPCLPEHNPYRPSYSYDYEFDLGSDRNGSFGGQYSECRDPARERGSLDGFMRGRGQGRFQDRSNPGTFMRSDPFVPPAASSEPLSTPWNELNYVGGRGLGGPSPSRPPPSLFSQSMAPDYGVMGMQGAGGYDSTMPYGCGRSQPRMRDRDRPKRRGFDRFGPDGTGRKRKQFQLYEEPDTKLARVDSEGDFSENDDAAGDFRSGDEEFKGEDELCDSGRQRGEKEDEDEDV,,False,0.4791313758653961,0.1111111111111111,5.288505341299898,-0.04607046070460705,0.2682926829268293,2.755595422409507,-0.6716560061211787,0.4859776677981448,1.5363614311974734,0.42941691381437314,0.3189220839185128,-5.2155568761863424,1.084010840108401,5.409008642268816,1.6880658306452359
Q9Y2W1,1.233154e-05,293.0,0.15,GSEQEAAKNKKSPEIHRRIDISPSTFRKHGLAHDEMKSPREPGYKAEGKYKDDPVDLRLDIERRKKHKERDLKRGKSRESVDSRDSSHSRERSAEKTEKTHKGSKKQKKHRRARDRSRSSSSSSQSSHSYKAEEYTEETEEREESTTGFDKSRLGTKDFVGPSERGGGRARGTFQFRARGRGWGRGNYSGNNNNNSNNDFQKRNREEEWDPEYTPKSKKYYLHDDREGEGSDKWVSRGRGRGAFPRGRGRFMFRKSSTSPKWAHDKFSGEEGEIEDDESGTENREEKDNIQPTTE,,False,0.42228910849051915,0.07457627118644067,4.479066032110527,0.04406779661016949,0.4338983050847458,-1.6485768811018886,-0.6355185479460917,0.464868173612479,0.4213131386166043,-0.8643789245907129,1.3360211036058192,-4.440002529792067,1.3559322033898304,,
Q9NS56,1.66419e-06,293.0,0.15,GSPSYEEGSHSDSSVITISPDEAETQELDINVATVSQAPWDDETPGPSYSSSEQVHVTMSSLLNTSDSSDEELVTGGATSQIQGVQTNDDLNNDSDDSSDNCVIVGFVKPLAERTPELVELSSDSEDLGSYEKMETVKTQEQEQSYSSGDSDVSRCSSPHSVLGKDEQINKGHCDSSTRIKSKKEEKRSTSLSSPRNLNSSVRGDRVYSPYNHRHRKRGRSRSSDSRSQSRSGHDQKNHRKHHGKKRMKSKRSRSRESSRPRGRRDKKRSRTRDSSWSRRSQTLSLSSESTSRSRSRSSDHGKRRSRSRNRDRYYLRNNYGSRYKWEYTYYSRNKDRDGYESSYRRRTLSRAHYSRQSSSPEFRVQSFSERTNARKKNNHSERKYYYYERHRSRSLSSNRSRTASTGTDRVRNEKPGGKRKYKTRHLEGTNEVAQPSREFASKAKDSHYQKSSSKLDGNYKNESDTFSDSRSSDRETKHKRRKRKTRSLSVEIVYEGKATDTTKHHKKKKKKHKKKHKKHHGDNASRSPVVITIDSDSDKDSEVKEDTECDNSGPQDPLQNEFLAPSLEPFETKDVVTIEAEFGVLDKECDIATLSNNLNNANKTVDNIPPLAASVEQTLDVREESTFVSDLENQPSNIVSLQTEPSRQLPSPRTSLMSVCLGRDCDMS,,False,0.4186332825097987,0.053811659192825115,5.112146298878721,0.03736920777279522,0.3423019431988042,-17.591259867998392,-0.6304013182428236,0.2934227933224986,0.12690604147191364,-2.064308297263319,-3.1468401097157983,-9.167162306293115,0.4484304932735426,0.01831563888873418,-4.0
