name,eps_factor,pH,ionic,fasta,N,faro,mean_lambda,shd,scd,kappa,fcr,ncpr,mw,nu_svr,q_patch,ah_ij,ah_patch,ah_shd,nframes,cdil,cden,edil,eden,dG,dG_error,exp_logcdil_mgml,sim_logcdil_mgml,ah_pairs,q_pairs,ah_single,q_ij
P23GM23SM12FP12Y,0.2,7.0,0.15,GSMAGAGGGQRGRGGGGNYGGGRGGGYGGNDNYGRGGNYGGRGGYGGGRGGGGYGGGGDGYNGYGNDGGNYGGGGGYNDYGNYNNQGGNYGPMKGGNYGGRGGGGGGGGGQYYAKPRNQGGYGGGGGGGGYGGGRRY,137.0,0.1386861313868613,0.6616703655862326,5.9502348038312025,1.3368899549312052,0.2152698746088122,0.13138686131386862,0.058394160583941604,12581.669999999996,0.45672156036035993,0.0878869137599036,-0.7501628121860857,-5.952064186969753,-3.3549090665061976,3020.0,0.01269910253226487,45.66907576017912,0.0042431593238822585,0.03689004805654685,-8.187645344406516,0.4115053678566971,-2.498597008554584,-1.823029755515798,-1.0523431738543707,0.0420295999153865,-0.1239233552578031,0.037264159553787
P23GM23SP7FM7Y,0.2,7.0,0.15,GSMAGAGGGQRGRGGGGNFGGGRGGGFGGNDNFGRGGNFGGRGGFGGGRGGGGFGGGGDGFNGFGNDGGNFGGGGGFNDFGNFNNQGGNFGPMKGGNFGGRGGGGGGGGGQFFAKPRNQGGFGGGGGGGGFGGGRRF,137.0,0.1386861313868613,0.6463836525363571,5.811498046842141,1.3368899549312052,0.2152698746088122,0.13138686131386862,0.058394160583941604,12277.669999999996,0.4631790768391921,0.0878869137599036,-0.7195788762184355,-5.712621769918137,-3.218431882323376,3240.0,0.05027674692718491,40.96851602334668,0.009803454970510857,0.04994325610616499,-6.703016466341332,0.2089858796303155,0.8680568519299584,-0.47613203416330696,-1.064874251687345,0.0420295999153865,-0.1170691656252381,0.037264159553787
P23GM23S,0.2,7.0,0.15,GSMAGAGGGQRGRGGGGNFGGGRGGGFGGNDNFGRGGNFGGRGGFGGGRGGGGYGGGGDGYNGFGNDGGNFGGGGGYNDFGNYNNQGGNFGPMKGGNFGGRGGGGGGGGGQYFAKPRNQGGYGGGGGGGGYGGGRRF,137.0,0.1386861313868613,0.6520155994494692,5.863001681103164,1.3368899549312052,0.2152698746088122,0.13138686131386862,0.058394160583941604,12389.669999999996,0.46080152175238853,0.0878869137599036,-0.7308255327731366,-5.798357721025232,-3.268848574520268,3132.0,0.03947135056791772,42.8598519482383,0.011493230004923896,0.03077338052093817,-6.990115708040546,0.3309114467883321,-0.5600792680757515,-0.7205125248671422,-1.0608741165417277,0.0420295999153865,-0.1194111389804841,0.037264159553787
M10GP10S,0.2,7.0,0.15,GSMASASSSQRSRSGSGNFGGGRSGGFGGNDNFGRSGNFSGRGGFGGSRGGGGYGGSGDSYNGFGNDGSNFGGSGSYNDFGNYNNQSSNFGPMKSGNFGGRSSGSSGGSGQYFAKPRNQGSYSGSSSSSSYGSGRRF,137.0,0.1386861313868613,0.5934002064364685,5.344004226513934,1.3368899549312052,0.2152698746088122,0.13138686131386862,0.058394160583941604,13380.660000000003,0.48425441409449466,0.0878869137599036,-0.7264859558633998,-5.764435452312318,-3.250717587823073,3677.0,0.3086635755433291,33.89544537351409,0.03431694767100564,0.057256584697843144,-4.69878399808907,0.11212660935091054,1.2774151470975654,1.4161222850461366,-1.0087911870606228,0.0420295999153865,-0.1260484562820694,0.037264159553787
LAF1,0.2,7.5,0.15,MESNQSNNGGSGNAALNRGGRYVPPHLRGGDGGAAAAASAGGDDRRGGAGGGGYRRGGGNSGGGGGGGYDRGYNDNRDDRDNRGGSGGYGRDRNYEDRGYNGGGGGGGNRGYNNNRGGGGGGYNRQDRGDGGSSNFSRGGYNNRDEGSDNRGSGRSYNNDRRDNGGDGLEHHHHHH,176.0,0.06818181818181818,0.5497957712421274,5.262886274711875,-0.4573825271113395,0.1014179963809631,0.2670454545454546,0.017045454545454558,17818.819999999996,0.4643706731151679,0.0170780995475136,-0.6892694716549355,-5.7142787478791,-3.2727640502483877,8268.0,0.09910972714712298,25.2437978686818,0.013075219326374957,0.0356245659073608,-5.54010818418459,0.13546062468643166,-0.24331044294658816,0.5584889423568151,-0.7315708552751067,0.0045142677070531,-0.1309398036324525,0.0147179576352719
LAF1D2130,0.2,7.5,0.15,MESNQSNNGGSGNAALNRGGDGGAAAAASAGGDDRRGGAGGGGYRRGGGNSGGGGGGGYDRGYNDNRDDRDNRGGSGGYGRDRNYEDRGYNGGGGGGGNRGYNNNRGGGGGGYNRQDRGDGGSSNFSRGGYNNRDEGSDNRGSGRSYNNDRRDNGGDGLEHHHHHH,166.0,0.06626506024096386,0.5474453698043308,5.180158942914527,-0.4729835899227794,0.0937883802533254,0.27108433734939763,0.00602409638554216,16685.489999999998,0.46695548934546793,0.004336231884583,-0.6778276099379396,-5.567800113630349,-3.1834373128914812,10681.0,0.2230277111667319,25.665615980644176,0.02519954835858404,0.04353550439161462,-4.745611446449269,0.11557839909296988,1.5235552981520841,1.309669091083633,-0.7575882043853907,0.0007257312997982,-0.1282406264132564,0.0142590523616715
LAF1shuf,0.2,7.5,0.15,MNNSGDNDRGSGNYGLRNSFGDDGYGDNGNDEGNSGYRNRGLGGDRADEYGNSGGNGDNEAAPNASDRDDAHYYDSDDYDDGGGGRGSGGAGGGGARGPGSNRAGRYGGGGRRGRGRGNGYNGNRSQRRRGGGRGRGNRGYRVGNGNGQSGGRNSRGGGGGNGGANYGLEHHHHHH,176.0,0.06818181818181818,0.549795771242127,5.236904691215529,-4.462346623578402,0.3192815435721962,0.2670454545454546,0.017045454545454558,17818.819999999978,0.34866959218804955,0.0004434382402506,-0.6892694716549338,-5.68993238240839,-3.2655341773828326,13975.0,0.010382990221175344,29.08463616681714,0.004127614881713235,0.007982143583547235,-7.937796435450233,0.5178980354270043,-2.2357406076367954,-1.7017614891380426,-0.7313014458554179,0.0042773259533936,-0.1279413506179513,0.0147179576352718
A1S150,0.2,7.0,0.15,GSMASASSSQRGRSGSGNFGGGRGGGFGGNDNFGRGGNFSGRGGFGGSRGGGGYGGSGDGYNGFGNDGSNFGGGGNYNNQSSNFGPMKGGNFGGRSSGPYGGGGQYFAKPRNQGGYGGSSSSSSYGSGRRF,131.0,0.13740458015267176,0.6138724420243229,5.477134870163752,1.8463943790678312,0.2045988569075729,0.1297709923664122,0.06870229007633588,12512.85,0.4856016297878464,0.1217987541121083,-0.7329178837955254,-5.762186369923929,-3.2461293991510054,4043.0,0.4942301288858891,34.29960678018126,0.04569824702982478,0.07550867893011637,-4.239887912292062,0.09291381117344572,1.0037710915741997,1.8283935778473859,-1.01882508798107,0.0588781427084604,-0.1246749134890361,0.0492615257805448
M20GP20S,0.2,7.0,0.15,GSMASASSSQRSRSGSGNFSGSRSGSFSGNDNFGRSGNFSGRSGFGGSRSGGGYSGSGDSYNSFGNDGSNFSGSGSYNDFGNYNNQSSNFGPMKSGNFGGRSSGSSGGSGQYFAKPRNQGSYSGSSSSSSYGSSRRF,137.0,0.1386861313868613,0.5756379661294987,5.18202611128518,1.3368899549312052,0.2152698746088122,0.13138686131386862,0.058394160583941604,13680.96,0.49110141660157647,0.0878869137599036,-0.7244633932183304,-5.74772216045319,-3.2440403592006555,3929.0,0.3784070259043327,31.57057686069155,0.03791990793049312,0.06336898391386406,-4.424010449411712,0.10114844577265733,1.859634074443839,1.6473345140435451,-0.9899428608860136,0.0420295999153865,-0.1281920612659713,0.037264159553787
M30GP30S,0.2,7.0,0.15,GSMASASSSQRSRSSSGNFSGSRSGSFSGNDNFGRSGNFSGRSGFSGSRSGSGYSGSSDSYNSFGNDSSNFSGSSSYNDFGNYNNQSSNFGPMKSGNFSGRSSSSSGSSGQYFAKPRNQGSYSGSSSSSSYSSSRRF,137.0,0.1386861313868613,0.5578757258225288,5.0184057680993295,1.3368899549312052,0.2152698746088122,0.13138686131386862,0.058394160583941604,13981.260000000002,0.49779755089018807,0.0878869137599036,-0.7221117425085639,-5.728929404571485,-3.233764508241558,4320.0,0.7326126289573208,28.392957050476994,0.06306839494318425,0.09835230413832478,-3.657279313473899,0.08799415544445142,2.4655446357575372,2.328567488828988,-0.9697014735036312,0.0420295999153865,-0.1304310614362174,0.037264159553787
M14NP14Q,0.2,7.0,0.15,GSMASASSSQRGRSGSGQFGGGRGGGFGGQDQFGRGGQFSGRGGFGGSRGGGGYGGSGDGYQGFGQDGSQFGGGGSYQDFGQYQQQSSQFGPMKGGQFGGRSSGGSGGGGQYFAKPRQQGGYGGSSSSSSYGSGRRF,137.0,0.1386861313868613,0.6078766318366912,5.475336731937574,1.3368899549312052,0.2152698746088122,0.13138686131386862,0.058394160583941604,13276.779999999995,0.4785523151859329,0.0878869137599036,-0.7354185662012476,-5.837359638934382,-3.292443004140196,3557.0,0.18602500263168567,35.791099587416625,0.028631285925680178,0.053218648989335454,-5.2595734391720885,0.15784144678679088,0.8234275528399204,0.8986386068027216,-0.9346061481342968,0.0420295999153865,-0.1277524247383785,0.037264159553787
M23SP23T,0.2,7.0,0.15,GSMATATTTQRGRTGTGNFGGGRGGGFGGNDNFGRGGNFTGRGGFGGTRGGGGYGGTGDGYNGFGNDGTNFGGGGTYNDFGNYNNQTTNFGPMKGGNFGGRTTGGTGGGGQYFAKPRNQGGYGGTTTTTTYGTGRRF,137.0,0.1386861313868613,0.5958472363691579,5.372466050093167,1.3368899549312052,0.2152698746088122,0.13138686131386862,0.058394160583941604,13403.050000000008,0.4831146975327083,0.0878869137599036,-0.7330219988660748,-5.815477076890477,-3.2782386573780915,3786.0,0.36749328074805815,32.66167623760809,0.02860529751296448,0.05992819561671989,-4.4872526542708675,0.0784462800578281,1.5231223754734533,1.5922234777791078,-0.9323521282761388,0.0420295999153865,-0.1286947635993958,0.037264159553787
A1,0.2,7.0,0.15,GSMASASSSQRGRSGSGNFGGGRGGGFGGNDNFGRGGNFSGRGGFGGSRGGGGYGGSGDGYNGFGNDGSNFGGGGSYNDFGNYNNQSSNFGPMKGGNFGGRSSGGSGGGGQYFAKPRNQGGYGGSSSSSSYGSGRRF,137.0,0.1386861313868613,0.6111624467434383,5.506218503841132,1.3368899549312052,0.2152698746088122,0.13138686131386862,0.058394160583941604,13080.360000000002,0.47721016966378904,0.0878869137599036,-0.7281794304437795,-5.777833112141016,-3.2580031592769148,3542.0,0.23463324006769593,36.48185940056481,0.03552621423663656,0.05976509355295962,-5.046546798848901,0.15785290029115712,0.2902882673735505,1.1201313901800125,-1.026189420467933,0.0420295999153865,-0.12429000443854,0.037264159553787
M12FP12Y,0.2,7.0,0.15,GSMASASSSQRGRSGSGNYGGGRGGGYGGNDNYGRGGNYSGRGGYGGSRGGGGYGGSGDGYNGYGNDGSNYGGGGSYNDYGNYNNQSSNYGPMKGGNYGGRSSGGSGGGGQYYAKPRNQGGYGGSSSSSSYGSGRRY,137.0,0.1386861313868613,0.6208172128802019,5.593451626569176,1.3368899549312052,0.2152698746088122,0.13138686131386862,0.058394160583941604,13272.36,0.4733329149801162,0.0878869137599036,-0.7478301342380843,-5.933970522322254,-3.345113543343618,3256.0,0.08140962356528654,40.0023118921334,0.014399474781428048,0.040202001039138686,-6.197199037091041,0.1811954087549079,-0.22329244239793802,0.07373822680196315,-1.0143435262503633,0.0420295999153865,-0.1288794580756886,0.037264159553787
P7FM7Y,0.2,7.0,0.15,GSMASASSSQRGRSGSGNFGGGRGGGFGGNDNFGRGGNFSGRGGFGGSRGGGGFGGSGDGFNGFGNDGSNFGGGGSFNDFGNFNNQSSNFGPMKGGNFGGRSSGGSGGGGQFFAKPRNQGGFGGSSSSSSFGSGRRF,137.0,0.1386861313868613,0.6055304998303264,5.454714869580101,1.3368899549312052,0.2152698746088122,0.13138686131386862,0.058394160583941604,12968.360000000002,0.47946552356850725,0.0878869137599036,-0.7167499429999517,-5.690737119137289,-3.20673831467771,3750.0,0.4472900155185483,33.99091426273975,0.03347979108634765,0.05408163232320351,-4.330641351797061,0.07485300424426469,0.9972509945883632,1.7445132407664288,-1.03211085383733,0.0420295999153865,-0.1218707937234644,0.037264159553787
V1,0.2,7.0,0.15,GSGSGSGGSRGGNKRRRKRRGGSGGYRYSRRGGGFNQGGGFNSSGFFGGMGSGGGSGGGFGNGPSFAGSNNFNGGGGGSAGNFGQYGGRGGPYSGSGGSGSGSNSGQNGGSGNYMGSGYDAFYNSSFNNQSFFGDDD,137.0,0.1386861313868613,0.6111624467434387,5.539137268223154,-2.651131923521637,0.5807289002088565,0.1240875912408759,0.06569343065693431,13080.360000000002,0.3369230282709901,0.1901422077517925,-0.7281794304437819,-5.853031264771105,-3.293698247239695,2701.0,0.0033636160958204894,42.686614267334015,0.0010162921287106528,0.01818185381853094,-9.448624052609158,0.3589071599653839,,,-1.032381575435039,0.0501599773707185,-0.1276889731113885,0.0372641595537869
V3,0.2,7.0,0.15,GSGGYGSSQGGFFGGGDAGGNGDGSDFGGGYPSGSNQNSGGFSGYGNDSFQGSAGMFNGFKSASKFSNSGGYGGGGQGNNNGSGGGSSFRNRRRRSNYSGGGSGRGRRYGSNFGGMYGGRSGFGGNGPGRSGFGGSN,137.0,0.1386861313868613,0.6111624467434382,5.491863655204934,-0.20052007637876926,0.4376218361983892,0.13138686131386862,0.058394160583941604,13080.36,0.43346779712460315,0.0641914251456172,-0.7281794304437834,-5.789831502812449,-3.28769103913427,2854.0,0.05258506280027201,39.18071795246486,0.005925218646893956,0.020309972192981494,-6.613507913560388,0.11450898815703459,,,-1.030916357142343,0.0457862481170942,-0.1269536447465402,0.037264159553787
AroM,0.2,7.0,0.15,GSMASASSSQRGRSGSGNSGGGRGGGFGGNDNFGRGGNSSGRGGFGGSRGGGGYGGSGDGYNGFGNDGSNSGGGGSSNDFGNYNNQSSNFGPMKGGNFGGRSSGGSGGGGQYSAKPRNQGGYGGSSSSSSSGSGRRF,137.0,0.0948905109489051,0.5918294847308329,5.331392692433269,1.3368899549312052,0.2152698746088122,0.13138686131386862,0.058394160583941604,12687.759999999998,0.4848168906784507,0.0878869137599036,-0.6803235554053979,-5.404428655176723,-3.044706396442131,7914.0,1.865622318909426,25.436971038578385,0.084413788644307,0.1744389152973509,-2.612608987937081,0.04612679149342316,,,-1.0613259446834398,0.0420295999153865,-0.1132524260149803,0.037264159553787
velo1FYswap,0.2,7.4,0.15,MNTTAPPPENGQFSTNQPRPFYFAQPTAQLPYQNPWFLGQLFNPFCIPGPGYRGGNPFYPFFSVALHEFPGFYVPQPQMNTRMSRRPHYNPHPPSPMYFHATRYRHFSSPGRRTETKETQTDPRQQECASKKQHSSDGKGCDGGNVVFLS,150.0,0.15333333333333332,0.5038351410509421,4.655001814127814,0.26410092250541717,0.1905842537092298,0.16,0.04000000000000001,17141.260000000013,0.5021395796297173,0.0531586405580516,-0.7600468939968822,-6.242113237676391,-3.52861762486298,938.0,0.22889459016693983,23.221940885255385,0.054241404191820004,0.14880704957088034,-4.619591245914804,0.2636569541002555,,,-0.3253916715301495,0.0220557130626218,-0.1594943198794623,0.0223051825611289
velo1,0.2,7.4,0.15,MNTTAPPPENGQYSTNQPRPYFYAQPTAQLPFQNPWYLGQLYNPYCIPGPGFRGGNPYFPYYSVALHEYPGYFVPQPQMNTRMSRRPHFNPHPPSPMFYHATRFRHYSSPGRRTETKETQTDPRQQECASKKQHSSDGKGCDGGNVVYLS,150.0,0.15333333333333332,0.5082441509200641,4.694553339146068,0.26410092250541717,0.1905842537092298,0.16,0.04000000000000001,17237.26000000001,0.5004117453067408,0.0531586405580516,-0.7697014648098098,-6.321268242466234,-3.5715991143902475,883.0,0.14655466372142814,24.716153733852295,0.01459500006573751,0.16748937686508483,-5.127813816109697,0.10140406782901615,,,-0.3090654154251284,0.0220557130626218,-0.1623096984494557,0.0223051825611289
AroP,0.2,7.0,0.15,GSMAFASSFQRGRYGSGNFGGGRGGGFGGNDNFGRGGNFSGRGGFGGSRGGGGYGGSGDGYNGFGNDGSNFGGGGSYNDFGNYNNQSSNFGPMKGGNFGGRSSGGSYGGGQYFAKPRNQGGYGGSSFSSSYGSGRRF,137.0,0.17518248175182483,0.6257652123381562,5.627786913584287,1.3368899549312052,0.2152698746088122,0.13138686131386862,0.058394160583941604,13442.890000000005,0.4716181778540921,0.0878869137599036,-0.7691383047880905,-6.105656141337756,-3.4268764588302454,6477.0,0.03783472554561164,41.20799413181232,0.007429649068893674,0.019901569996125697,-6.993160202702603,0.21018614776219502,,,-0.9821022566487316,0.0420295999153865,-0.1347731953768891,0.037264159553787
FtoW,0.2,7.0,0.15,GSMASASSSQRGRSGSGNWGGGRGGGWGGNDNWGRGGNWSGRGGWGGSRGGGGYGGSGDGYNGWGNDGSNWGGGGSYNDWGNYNNQSSNWGPMKGGNWGGRSSGPYGGGGQYWAKPRNQGGYGGSSSSSSYGSGRRW,137.0,0.145985401459854,0.6230897070209086,5.614209285425964,1.3368899549312052,0.2152698746088122,0.13138686131386862,0.058394160583941604,13665.009999999998,0.47240650512967153,0.0878869137599036,-0.7750413490054258,-6.146415534727557,-3.465992890293767,106.0,0.013327715002349796,41.50106750192658,0.0,0.2903354219122945,-8.043628727007208,0.007059703205084335,,,-0.7754957677989419,0.0420295999153865,-0.1372377570125153,0.037264159553787
YtoW,0.2,7.0,0.15,GSMASASSSQRGRSGSGNFGGGRGGGFGGNDNFGRGGNFSGRGGFGGSRGGGGWGGSGDGWNGFGNDGSNFGGGGSWNDFGNWNNQSSNFGPMKGGNFGGRSSGPWGGGGQWFAKPRNQGGWGGSSSSSSWGSGRRF,137.0,0.145985401459854,0.6130870480636247,5.523919459567675,1.3368899549312052,0.2152698746088122,0.13138686131386862,0.058394160583941604,13380.85,0.4764324793191691,0.0878869137599036,-0.749168475052093,-5.936825134946102,-3.3520949153514783,179.0,0.07519281576587289,38.5022569038996,0.010236430830078063,0.1492134328361939,-6.238416448074501,0.13859604379083096,,,-0.8699470585333825,0.0420295999153865,-0.130321925378496,0.037264159553787
allW,0.2,7.0,0.15,GSMASASSSQRGRSGSGNWGGGRGGGWGGNDNWGRGGNWSGRGGWGGSRGGGGWGGSGDGWNGWGNDGSNWGGGGSWNDWGNWNNQSSNWGPMKGGNWGGRSSGPWGGGGQWWAKPRNQGGWGGSSSSSSWGSGRRW,137.0,0.145985401459854,0.6237854926619487,5.620582466980282,1.3368899549312052,0.2152698746088122,0.13138686131386862,0.058394160583941604,13849.329999999994,0.4721218169223982,0.0878869137599036,-0.7871911608150021,-6.238825261712344,-3.520165116935724,2720.0,0.009821690878269933,42.153973326300004,0.0019187452071771796,0.017840565284707007,-8.364490930588454,0.20619574987571934,,,-0.6143999350216615,0.0420295999153865,-0.1411710843351176,0.037264159553787
allF,0.2,7.0,0.15,GSMASASSSQRGRSGSGNFGGGRGGGFGGNDNFGRGGNFSGRGGFGGSRGGGGFGGSGDGFNGFGNDGSNFGGGGSFNDFGNFNNQSSNFGPMKGGNFGGRSSGPFGGGGQFFAKPRNQGGFGGSSSSSSFGSGRRF,137.0,0.145985401459854,0.6059547516647422,5.458589827611985,1.3368899549312052,0.2152698746088122,0.13138686131386862,0.058394160583941604,13068.530000000004,0.4792963947318346,0.0878869137599036,-0.72404768841907,-5.7457453722355,-3.239691444221372,1735.0,0.263016967742772,34.63803626736091,0.012850148802818971,0.037038925764796615,-4.880489125099233,0.04899816365359934,,,-1.0202093923276143,0.0420295999153865,-0.1236620202299244,0.037264159553787
allY,0.2,7.0,0.15,GSMASASSSQRGRSGSGNYGGGRGGGYGGNDNYGRGGNYSGRGGYGGSRGGGGYGGSGDGYNGYGNDGSNYGGGGSYNDYGNYNNQSSNYGPMKGGNYGGRSSGPYGGGGQYYAKPRNQGGYGGSSSSSSYGSGRRY,137.0,0.145985401459854,0.622046028559348,5.604779400741408,1.3368899549312052,0.2152698746088122,0.13138686131386862,0.058394160583941604,13388.530000000002,0.4728293913482169,0.0878869137599036,-0.7568812102516215,-6.002171319011204,-3.3858124646065284,2794.0,0.0395558199650241,40.6306997800184,0.005138843672541448,0.021446483689231372,-6.934566374065464,0.13179573120431295,,,-0.999743481407302,0.0420295999153865,-0.1309780516930422,0.037264159553787
AroPatchy,0.2,7.0,0.15,GSMASASSSQRGRYFYFSGSGNGGGRGGGGGNDNGRGGNSFYFGRGGGGSRGGGGGGSGDGNGGNDYFYFGSNGGGGSNDGNNNQSSNGPMKGGNFYFFGGRSSGGSGGGGQAKPRNQGGGGSYFFFSSSSSGSGRR,137.0,0.1386861313868613,0.6111624467434383,5.506512395338233,1.3717857027661176,0.2015154566768798,0.11678832116788321,0.05839416058394161,13080.36,0.48062180982409064,0.0868465533891886,-0.7281794304437926,-5.79635889992299,-3.2797581797075557,1641.0,0.1343468081753948,36.817938956779884,0.010578923954166205,0.03503262159246508,-5.613315899787004,0.0793576567991788,,,-1.0269202864943718,0.0411250044245589,-0.1327064824988006,0.037264159553787
AroPerfect,0.2,7.0,0.15,GSMASAFSSSQRGYRSGSGNFGGGRGGYGGGNDNFGRGGNSFGRGGGGYSRGGGGFGGSGDGYNGGNDGFSNGGGGFSNDGNNYNQSSNGFPMKGGNYGGRSSGFGSGGGGFQAKPRNYQGGGGSFSSSSSGFSGRR,137.0,0.1386861313868613,0.6111624467434384,5.506775049891291,1.358809653449021,0.199679915431803,0.11678832116788321,0.05839416058394161,13080.360000000002,0.48056937837422753,0.0867967116782803,-0.7281794304437915,-5.799659041016164,-3.2551387366265447,1694.0,0.23856973069883033,35.99481964544282,0.022663662429366956,0.03396419922396092,-5.016468668847218,0.09524242149276263,,,-1.026706296125693,0.0412061912114971,-0.1264738341480383,0.037264159553787
CPEB4pH7,0.2,7.0,0.15,MGDYGFGVLVQSNTGNKSAFPVRFHPHLQPPHHHQNATPSPAAFINNNTAANGSSAGSAWLFPAPATHNIQDEILGSEKAKSQQQEQQDPLEKQQLSPSPGQEAGILPETEKAKSEENQGDNSSENGNGKEKIRIESPVLTGFDYQEATGLGTSTQPLTSSASSLTGFSNWSAAIAPSSSTIINEDASFFHQGGVPAASANNGALLFQNFPHHVSPGFGGSFSPQIGPLSQHHPHHPHFQHHHSQHQQQRRSPASPHPPPFTHRNAAFNQLPHLANNLNKPPSPWSSYQSPSPTPSSSWSPGGGGYGGWGGSQGRDHRRGLNGGITPLNSISPLKKNFASNHIQLQKYARPSSAFAPKSWMEDSLNRADNIFPFPDRPRTFDMHSLESSLIDIMRAENDTIKARTYGRRRGQSSLFPMEDGFLDDGRGDQPLHSGLGSPHCFSHQNGE,448.0,0.08035714285714285,0.4643372637649774,5.2741379213952,-1.1038163923251005,0.1854884744511594,0.15401785714285715,-0.006696428571428575,48426.75000000011,0.4919492177603939,0.0010872411008453,-0.6598806074627973,-5.913238288915544,-3.742098001123453,5623.0,0.05545181512697798,5.962936056775529,0.006777801334274132,0.013898946074176476,-4.67780381799259,0.12495653985112362,,,-0.4919685255556579,0.0009078752222526,-0.1340448950172529,0.0042257768367049
